1,1,baggage,bagpipes,airplane,almonds
2,2,balaclava,ball,revolver,apple
3,3,beard,beet2,razor,shelves
4,4,biscuit,bin,toastie,van
5,5,bone,boat,dog2,guitar
6,6,box,winebottle,container,fish
7,7,bust,banana,statue,leek
8,8,button,butter,jacket,fox
9,9,car,cart,motorbike,heater
10,10,carpet2,card,vacuum_cleaner,tooth
11,11,cave2,case,volcano,sunscreen
12,12,chicken,chisel,egg,couch
13,13,cigar,city,pipe2,mushroom
14,14,cigarette,cinnamon_roll,lighter,cucumber
15,15,crystal,crisps,necklace2,bird
16,16,die,dial,checkers,bed
17,17,dough,door,baguette,map
18,18,driftwood,drill,tree2,carrot
19,19,eyebrow,iceberg,mascara,celery
20,20,fingernail,fish,hands,grater
21,21,fort,fork,knight,cd
22,22,guitar2,gift,trumpet2,pot
23,23,hat2,ham,helmet,ghost
24,24,ipod,idol,headphones,pine
25,1,island,eye2,boat2,mop
26,2,mirror,milk,painting,root
27,3,mole,mobile,rabbit,puncher
28,4,motor,mold,petrolpump,broom
29,5,muffin,mug,butter2,arduino
30,6,nut,nun,muesli,dwarf
31,7,organ,oyster,church,paddle
32,8,paper2,paint,pen,brick
33,9,patch,pan,needle,giraffe
34,10,peanut,peacock,elephant,laptop
35,11,penguin,pencil,seal1,scrabble
36,12,piano,peas,musical_notes,orangejuice
37,13,pipe,pie,match,lion
38,14,plane,plate,pilot,shoe
39,15,pool,poodle,lifevest,mouse
40,16,potion,potato,witch,clay
41,17,radio,rainbow,speaker,toothpicks
42,18,room,ruler,house,electricguitar
43,19,rope,roast,chain,blaze
44,20,sack,saxophone,handbag,flamingo
45,21,sandals,sandwich,foot,koala
46,22,sea,seal,fish,curlingiron
47,23,steak,stairs,cow,child
48,24,lead2,leek2,dog4,desk
49,1,dynamite,trainers,tray,foot2
50,2,earth,trousers,trout,legs
51,3,eye,truffle,trunk,chocolate
52,4,cork,unicorn,unicycle,fairy
53,5,courgette,wall,wallet,fence
54,6,copier,walnut,walrus,countrycookie
55,7,dice,wheel,wheat,truck2
56,8,dart,snake,sneaker,rat
57,9,deer,rocket,rockingchair,moon
58,10,candle,ear,eagle,waterbottle
59,11,anchor,helmet2,hen,bike
60,12,axe,belt,bell,trousers2
61,13,ant,treasure,tree,pirate
62,14,bath,pig,pigeon,meat
63,15,cheese,nursery,nurse,priest
64,16,child2,washingmachine,wasp,shirt
65,17,cockerel,soldier,sofa,tank
66,18,compass,tea,teacher,chocolatechipcookie
67,19,coffee,seagull,seahorse,fishbone
68,20,gameboy,domino,donkey,chess
69,21,glass,chimney,cherries,smoke
70,22,medal,hamburger,hammock,mcdonalds
71,23,newspaper,hand,hamster,gloves
72,24,peppermill,feather,fennel,bird2
73,1,onion,yoyo,zucchini,wolf
74,2,woman,yellowpepper,tshirt,usb
75,3,tuba,sunflower,springrope,refrigerator
76,4,teddybear,rubberboat,pony,mortar
77,5,muffin2,lightbulb,gun,cone
78,6,clover,socket,ambulance,canoe
79,7,camera,blackberries,angel,tmug
80,8,dogfood,hat3,lego,parrot
81,9,lobster,magnet,panda,sink
82,10,scissors,pineapple,mobile2,helicopter
83,11,hairbrush,firetruck,contrabas,bottle
84,12,blowdryer,cat,dish,lighter3
85,13,jug,kayak,harp,frog
86,14,garlic,dromedary,couch2,bread
87,15,boxer,antlers,crown,goldfish
88,16,goat,coin,box2,abacus
89,17,armchair,dumpster,chef,crocus
90,18,crab,garbage,kite,orange
91,19,pizza,rose,sailboat,toad
92,20,squirrel,toadstool,colander,recorder
93,21,rake,phone,mussels,nectarine
94,22,money,pedalbin,dinosaur,salamander
95,23,rockinghorse,salt,toothbrush,flask
96,24,watch,stool,pretzel,tambourine
